customer_id,customer_firstname,customer_lastname,customer_email,custmoer_last_login
35A8ADD6-5961-0BA9-7913-AD95911568D6,Nissim,Vasquez,ut@etrutrumeu.co.uk,2017-11-11 08:30:30
4466889B-929D-A006-0A72-E1A164273244,Timothy,Norman,enim@ornaretortorat.ca,2018-11-03 14:36:15
471B436A-FD32-4E07-1D10-C171519AA539,Briar,Jefferson,fringilla.porttitor@Aliquamultricesiaculis.edu,2019-09-05 01:37:59
71424B7D-6358-B7B0-83BA-FDFAE16964F6,Linda,Leblanc,ac.metus@placerategetvenenatis.com,2019-03-28 01:25:56
FE02F120-453C-9C0D-EC24-82CEA744FDFC,Rina,Pace,porttitor@aliquet.ca,2018-07-05 02:59:08
F16DF283-868A-3630-7288-2CC85F1197BF,Levi,Montoya,velit.in@convallisligulaDonec.co.uk,2017-09-16 10:06:00
74A9EBC5-9C49-81A8-46B5-7AD58F35D2CA,Justin,Fields,penatibus@ullamcorpermagnaSed.com,2018-08-24 04:13:05
DAD32257-8E3F-599A-D21A-F52A076281E5,Palmer,Colon,interdum@leo.ca,2019-05-22 05:06:23
CCD26983-CE33-CAA5-66F2-6868306900FE,Elaine,Harrell,fringilla.est.Mauris@faucibusorci.edu,2018-01-26 07:15:21
39332A19-58C5-E088-3D0C-A7DDDEC1F116,Ulysses,Sears,diam.vel@antedictumcursus.com,2018-08-02 10:37:44
01B62568-693D-9597-52AF-46DCE30D33C3,Forrest,Rivas,in.consequat@egestasblandit.com,2018-09-11 12:28:38
1B99E03D-4281-44F5-827C-31CD26FB8649,Malcolm,Talley,vitae.purus.gravida@nec.edu,2019-04-11 05:34:12
E8915862-DDDA-433A-A7CF-69E3395EAEB4,Brandon,Sharpe,nunc.risus.varius@laoreetposuere.org,2018-11-26 19:21:22
6F624B24-233B-8DAF-A74F-EDA5908114EF,Tyler,Mckay,Nulla@ante.net,2018-07-04 07:52:22
CF6150C6-8460-AEA8-B4F1-FC6590E666C5,Yuli,Newman,dapibus@velitPellentesqueultricies.co.uk,2017-12-23 22:22:42
B5D68C4F-FAB2-D330-F7E1-B1FA561CC7ED,Ryan,Carrillo,vitae@pedeblandit.net,2018-05-19 07:44:46
E636FEDF-276C-BA9C-C61C-CFF6FE6E3F9B,Kim,Mosley,aliquam@liberoMorbi.com,2019-06-11 19:20:50
1ACBAD2F-0A9C-DC13-21A2-0D93703F0712,Rosalyn,Evans,mauris.Morbi@nisl.ca,2019-09-12 18:57:37
58A4B9FD-0981-389E-7BFE-5E0F10459896,Chaney,Frost,Morbi.accumsan@nonenim.edu,2019-07-21 11:47:50
1189761A-F50E-5C42-9752-056E55B8C5BE,Teagan,Benjamin,egestas.a.dui@lobortis.org,2019-08-09 05:35:41
34EDF60B-CB1A-2D10-E6AC-ABEE35834F8F,Ashely,Phillips,Integer@aliquetPhasellusfermentum.co.uk,2017-12-24 02:59:25
24CD6A76-CFFE-FEB4-94EA-D89246B84390,Jerome,Snider,faucibus.orci.luctus@Naminterdumenim.net,2017-10-07 05:37:58
7A679290-094F-7EB6-853E-AF3A26A2EA40,Colleen,Frank,dui.nec@molestiesodales.org,2017-11-26 02:14:10
9694F62F-E7D8-92DB-F930-8A7684EFDADC,Kenyon,Stone,nisi.nibh.lacinia@uterosnon.co.uk,2018-07-23 18:00:51
16556226-F286-C592-A69E-850ADE7ED322,Norman,William,vitae@aenimSuspendisse.ca,2019-02-19 19:11:20
334A7ED9-113F-53E4-1CB5-984903BA68F5,Hilary,Hammond,et@pretiumet.com,2018-10-05 22:20:33
F47D9BA8-B599-74F4-26C3-9449D7FBC8A7,Maxwell,Miranda,id.ante@sitamet.ca,2017-11-27 22:11:46
60EDFA34-0857-6895-9DF1-262A1AD6D48A,Nina,Mcneil,arcu@eratvitae.edu,2018-06-20 11:13:32
D14819B3-50C4-A92E-9636-096AC81D6836,Griffith,Warren,nascetur@tellusNunc.ca,2018-10-29 11:30:42
87263FF8-7844-7FDF-A509-8C486F7FEE95,Kenyon,Mejia,a.ultricies.adipiscing@tincidunt.net,2017-12-03 20:38:41
AD1438E5-CFDA-562B-7AC2-7262A262EB63,Bradley,Hurley,nisi@vitaeodiosagittis.net,2017-12-27 12:16:34
90FB7763-6FA9-BB23-B755-E6D82791F6E5,Zoe,Stafford,neque.venenatis@Vestibulumuteros.com,2017-09-26 10:51:13
DE6A09A1-450E-0A6E-C15C-7166045CED72,Caesar,Mcgee,Cum@acmattisornare.ca,2019-02-23 14:50:48
98D37B99-D152-53A8-EB4D-1180B884C83D,Yetta,Davis,Suspendisse.sagittis.Nullam@mitemporlorem.ca,2019-05-07 00:06:15
99AB52A2-3692-904C-6C63-8CB61AC21660,Brody,Morris,Duis.a.mi@velitSed.ca,2017-10-23 01:21:36
C4435737-CD6A-42E4-24E8-D3DEF4ADF7DE,Margaret,Avila,Ut.nec@consequat.ca,2019-02-03 14:00:09
8A5DD93C-CCF1-2533-8CA4-985C28C41735,Scott,Underwood,dui@Uttinciduntorci.edu,2019-01-10 21:52:25
D87A9CD9-C01E-F7DC-B409-DEC3259F0B89,Melinda,Reese,Nunc@luctusfelis.org,2019-05-20 20:23:09
2AD8D0DC-DF6D-167A-23EC-4C6B3782A387,Whoopi,Boyle,dolor@ametfaucibusut.edu,2017-11-21 17:47:16
71B8CC53-34C1-75D2-6D96-DFBF8D9E16D5,Bruce,Rutledge,Aenean.egestas@facilisis.com,2017-10-28 02:26:21
17C9FE01-E86D-1E2A-C05F-28A722C358EF,Neve,Robles,Duis.cursus.diam@nisiMaurisnulla.org,2018-10-20 21:36:47
AE8A943A-B36F-6305-16EB-B1E707AAE073,Leigh,Allison,porttitor.interdum@faucibus.edu,2017-11-09 04:45:55
078601F2-CE28-8D96-FE59-720F7C5457F4,Cyrus,Pacheco,Aenean@ullamcorperviverra.org,2019-04-30 12:45:50
858AB6E4-6BCA-980A-E78E-F671CC97E871,Rinah,Hester,a.felis@sapienimperdiet.net,2018-05-27 22:30:32
6B808A01-D557-825C-A9E9-A7C427236BC8,Dominique,Morrow,eget.tincidunt.dui@metus.edu,2019-08-23 14:35:11
6473ECA0-47DC-4FAB-7F57-954382376FEC,Caryn,Potts,eros@Pellentesquetincidunttempus.net,2019-03-25 06:09:57
4BF7129C-DF49-321B-9B8D-59D14E2EE2EE,Fitzgerald,Page,Quisque.fringilla@egestaslaciniaSed.org,2017-11-07 01:40:21
9A3FB509-78C4-0631-E060-B2C63B260DC2,Aidan,Frazier,commodo.ipsum.Suspendisse@est.org,2018-07-08 16:03:10
C2EBFAE5-0A2F-2037-3F99-195A187A3AE2,Deanna,Luna,dictum@duiFusce.net,2018-05-20 22:29:30
C2781D1A-EDBE-C585-AE1D-5AF3164A4F6C,Drew,Osborn,nascetur@Nulla.com,2019-05-01 15:37:03
689110A8-8030-5B8F-3A3E-BEA42317DBA2,Pearl,Holloway,Proin@idmollis.edu,2017-12-02 08:28:49
E523BA71-95B9-5915-2669-03AE4800390D,Erich,Hampton,ac@tristiquepharetraQuisque.ca,2017-12-28 02:49:38
AFFC3B90-2EEC-A47B-1FFB-492F136C99FD,Tallulah,Steele,mollis.lectus@maurissit.co.uk,2018-10-10 07:40:05
494F66A4-37C2-F62E-98D6-5316830936C5,Gisela,Warner,dolor.tempus@eusemPellentesque.co.uk,2018-11-07 23:09:34
E6A6920F-2E5D-74A8-38FE-D2C3B40852DA,Denton,Richard,ultrices.Vivamus.rhoncus@nec.org,2019-05-08 17:24:53
EC44E6A8-47A5-1925-6038-83072E1F3B41,Zeph,Acevedo,eget.odio.Aliquam@nullaDonecnon.net,2019-08-17 04:13:04
5997EC31-4A24-0D69-89DB-1E7F9319FB48,India,Warner,sodales@sem.org,2019-06-09 23:35:19
11FBBC1B-0BFD-20C8-7D0F-5273105797B6,Hamish,Mccray,sed.sapien@dictummi.edu,2018-06-04 22:41:10
D0B9BFE6-B973-1F93-EADB-E8C823938ACD,Olivia,Spears,est.Nunc@orci.edu,2018-05-30 10:52:36
2279A034-BA75-1855-1748-A946E5464E27,Chandler,Watkins,commodo.auctor.velit@velest.net,2017-12-16 23:57:11
6C2DAD77-FF74-3D21-4AE1-3B785F4D1A48,Rowan,Scott,eu.nulla.at@justoeuarcu.ca,2019-04-23 22:16:37
F1819F0C-AE18-1D7B-9F78-19E406CDF78E,Len,Goodman,Aenean.massa.Integer@euismodet.co.uk,2019-04-10 21:22:53
62AFC12A-DDCE-589B-830A-1759B3A678BB,Stuart,Contreras,Nunc.ut.erat@arcu.org,2018-04-20 16:12:33
FE550236-593B-EF69-7B20-5169E5CE054B,Jael,Mckay,cursus.et@facilisisSuspendissecommodo.org,2018-09-24 05:43:05
AC6BAB12-985B-9F42-E6CE-246A464AA1F4,Ulla,Rowland,iaculis@eleifendnuncrisus.com,2018-10-06 04:49:12
29B8BF7B-01B4-0052-86AB-BED848D6306B,Rachel,Espinoza,sed.consequat.auctor@diamvel.edu,2017-10-13 08:20:04
BCF2DD5E-D5A8-2D2A-B0DE-3F28FBF63CFD,Melinda,Pittman,Sed.auctor@adipiscingfringillaporttitor.org,2018-04-07 04:52:30
C434D8F8-BF60-8441-5288-640CCCD483F6,Wing,Franks,non@rutrumloremac.net,2018-02-15 11:23:09
6AB8FE16-EE92-AE55-B90A-155158DE9195,Dustin,Middleton,dictum@ornaresagittisfelis.org,2019-02-23 17:20:23
1B2A77FE-7B1B-3526-B53D-2390917798B7,Raphael,Mcdowell,Integer.in@pharetrased.com,2019-07-11 19:33:02
75157ED1-E35D-C8F4-2A34-A6430FD875FE,Glenna,Burks,dui.in@aliquamarcu.org,2017-09-25 07:35:34
DD15B378-D98F-7C37-DD9F-507EE17CE812,Len,Mathews,sagittis@urnanecluctus.com,2018-02-01 13:21:02
F944A057-C752-2EFF-6A7E-7368A8CFCC86,Maite,Dorsey,nulla.Cras.eu@temporarcu.org,2019-03-04 17:17:27
BA8E76BF-3B14-740C-F0BE-DEBC615387BA,Brian,Vazquez,mauris.Integer.sem@Pellentesquehabitant.org,2019-04-27 11:38:41
35A1F6DE-29C1-28CD-9174-8E6D8C4D9D88,Ina,Miranda,Nulla.facilisis.Suspendisse@Vivamus.edu,2017-11-17 16:31:45
DD5CCD10-D070-278E-52C4-6AA61793B1D1,Bo,Roman,Quisque@quis.net,2018-03-05 13:03:13
0C4A3990-AF51-5EF1-AC99-591F0BD7E686,Jerome,Whitfield,dui.Fusce@enim.edu,2018-07-28 09:12:27
9417FFB4-52A2-9762-0C26-CC5AEAB41058,Melodie,Contreras,nec.malesuada@eusemPellentesque.co.uk,2019-09-12 15:37:34
894EAE1B-E1F1-4890-9E9D-530FEDF82194,Bradley,House,facilisis.magna@vestibulum.com,2017-12-20 20:27:08
9C86C3BD-BECB-6613-E71B-4296B05F1363,Noelani,Webb,diam.Proin.dolor@magnanecquam.com,2018-02-12 19:08:54
3842D69E-84BD-F70D-B864-A7F8B5D3363F,Dacey,Reese,sit.amet@loremfringilla.ca,2018-11-13 18:07:27
912150AE-6526-BDA5-414C-B3DD7C3B3B9F,Callie,Melendez,adipiscing@odioauctor.co.uk,2018-06-14 07:44:49
A404401E-CE08-E7C7-105A-5FB22109D7FF,Bruno,Mathews,vulputate.nisi.sem@primis.co.uk,2019-02-09 05:40:27
20259087-10EA-CAD7-D854-EFC2987F46A6,Alika,Glenn,eleifend.nunc@diamPellentesque.net,2019-06-07 12:39:03
06C91E13-D924-0C7F-1A94-7EF49E1158F9,Raja,King,vestibulum@cursusvestibulumMauris.org,2019-02-22 07:51:34
185326C2-CE38-7E7D-F32A-54057F496A9E,Chester,Diaz,metus.Aenean.sed@tellusimperdietnon.ca,2017-12-22 03:20:17
FEDB7BF5-F45A-7091-81A7-D6A460BC09FB,Ronan,Thomas,Sed.molestie@lacusvestibulum.net,2018-01-26 01:36:58
41376F0B-C027-0C0A-3EED-7A13D382573B,Rae,Stark,ut.molestie.in@sitamet.com,2019-07-07 05:56:05
5BACB9B9-91DD-7998-BEAA-37AEC9770C7D,Dylan,Valdez,orci@pede.org,2019-04-21 16:52:29
892B9A74-A688-A5A9-71BF-AD399EBC0C08,Lynn,Kemp,Cum.sociis.natoque@nibhPhasellusnulla.net,2017-12-30 19:31:54
442E6736-1BE3-E548-1926-916B372CFBE4,Iliana,Gay,mollis.Phasellus@dolorQuisque.com,2018-11-27 21:05:19
BE04F3F2-1EEF-3F02-9D74-D416CBF92D05,Risa,Hewitt,natoque.penatibus.et@augueeu.edu,2019-08-13 05:53:06
5949AC69-747D-7BFD-49B1-8F88339F6D6C,Wanda,Tran,ridiculus.mus.Donec@vulputaterisusa.com,2018-02-19 02:34:10
5D34A7CA-A96A-A37B-A12A-0DE5C212E8B8,Zachary,Pate,iaculis@massaSuspendisse.edu,2018-04-10 16:01:05
1E61245F-5172-D6CA-8F2D-8B1DBC49E15E,Colt,Mosley,est@fringillacursus.edu,2018-11-23 14:41:09
D7CECBA4-03CF-80BC-E8FA-C19E65FAFB6C,Sandra,Case,eleifend.nunc@acturpis.org,2018-05-01 06:11:37
AF8A2A8F-9A07-0FB0-977C-B7D484BFB39B,Claudia,Guthrie,Fusce.dolor@sedleo.ca,2018-08-25 01:26:40
D6CC4901-5EE8-7EF1-5052-A46038C50958,Jermaine,Richard,feugiat.nec@Nuncpulvinararcu.co.uk,2019-06-12 19:28:40
06F797DD-E21D-5A3E-57EE-4A8A552A2B2F,Shoshana,Ramos,rhoncus.Donec.est@ligulaNullam.ca,2019-03-13 01:22:41
021BD15A-F7BF-17E6-6791-47798705C08D,Kato,Koch,Vivamus.molestie@nisiMauris.edu,2019-09-08 14:32:40